Month,Year,WPI,Rainfall,Rainfall_Deviation,Flood_Flag
6,2012,104.0,458.1,210.73055555555558,False
6,2012,104.0,615.8,368.43055555555554,True
6,2012,104.0,693.4,446.03055555555557,True
6,2012,104.0,398.6,151.23055555555558,False
6,2012,104.0,554.2,306.83055555555563,True
6,2012,104.0,144.5,-102.86944444444444,False
6,2012,104.0,168.9,-78.46944444444443,False
6,2012,104.0,120.9,-126.46944444444443,False
6,2012,104.0,89.8,-157.56944444444446,False
6,2012,104.0,23.1,-224.26944444444445,False
6,2012,104.0,5.8,-241.56944444444443,False
6,2012,104.0,49.9,-197.46944444444443,False
6,2012,104.0,5.1,-242.26944444444445,False
6,2012,104.0,10.0,-237.36944444444444,False
6,2012,104.0,23.4,-223.96944444444443,False
6,2012,104.0,45.8,-201.56944444444446,False
6,2012,104.0,5.4,-241.96944444444443,False
6,2012,104.0,11.2,-236.16944444444445,False
6,2012,104.0,38.2,-209.16944444444442,False
6,2012,104.0,63.5,-183.86944444444444,False
6,2012,104.0,35.8,-211.56944444444446,False
6,2012,104.0,23.0,-224.36944444444444,False
6,2012,104.0,611.6,364.2305555555556,True
6,2012,104.0,67.9,-179.46944444444443,False
6,2012,104.0,72.2,-175.16944444444442,False
6,2012,104.0,125.6,-121.76944444444445,False
6,2012,104.0,134.4,-112.96944444444443,False
6,2012,104.0,79.3,-168.06944444444446,False
6,2012,104.0,106.6,-140.76944444444445,False
6,2012,104.0,37.9,-209.46944444444443,False
6,2012,104.0,25.4,-221.96944444444443,False
6,2012,104.0,677.2,429.83055555555563,True
6,2012,104.0,60.4,-186.96944444444443,False
6,2012,104.0,80.4,-166.96944444444443,False
6,2012,104.0,429.7,182.33055555555555,False
6,2012,104.0,326.9,79.53055555555554,False
7,2012,111.6,324.0,76.63055555555556,False
7,2012,111.6,623.0,375.6305555555556,True
7,2012,111.6,493.6,246.23055555555558,True
7,2012,111.6,281.7,34.33055555555555,False
7,2012,111.6,633.2,385.83055555555563,True
7,2012,111.6,307.4,60.03055555555554,False
7,2012,111.6,319.9,72.53055555555554,False
7,2012,111.6,287.2,39.83055555555555,False
7,2012,111.6,293.7,46.33055555555555,False
7,2012,111.6,287.6,40.23055555555558,False
7,2012,111.6,196.7,-50.66944444444445,False
7,2012,111.6,388.4,141.03055555555554,False
7,2012,111.6,66.1,-181.26944444444445,False
7,2012,111.6,96.0,-151.36944444444444,False
7,2012,111.6,196.8,-50.56944444444443,False
7,2012,111.6,110.6,-136.76944444444445,False
7,2012,111.6,39.0,-208.36944444444444,False
7,2012,111.6,170.2,-77.16944444444445,False
7,2012,111.6,423.4,176.03055555555554,False
7,2012,111.6,406.5,159.13055555555556,False
7,2012,111.6,181.1,-66.26944444444445,False
7,2012,111.6,35.3,-212.06944444444446,False
7,2012,111.6,931.2,683.8305555555556,True
7,2012,111.6,203.0,-44.36944444444444,False
7,2012,111.6,161.1,-86.26944444444445,False
7,2012,111.6,369.7,122.33055555555555,False
7,2012,111.6,413.8,166.43055555555557,False
7,2012,111.6,198.3,-49.06944444444443,False
7,2012,111.6,243.5,-3.86944444444444,False
7,2012,111.6,121.8,-125.56944444444444,False
7,2012,111.6,61.2,-186.16944444444442,False
7,2012,111.6,752.7,505.33055555555563,True
7,2012,111.6,114.7,-132.66944444444442,False
7,2012,111.6,144.0,-103.36944444444444,False
7,2012,111.6,362.6,115.23055555555558,False
7,2012,111.6,231.5,-15.86944444444444,False
8,2012,114.2,369.6,122.23055555555558,False
8,2012,114.2,331.5,84.13055555555556,False
8,2012,114.2,300.4,53.03055555555554,False
8,2012,114.2,353.8,106.43055555555557,False
8,2012,114.2,315.7,68.33055555555555,False
8,2012,114.2,259.6,12.230555555555583,False
8,2012,114.2,412.9,165.53055555555554,False
8,2012,114.2,284.6,37.23055555555558,False
8,2012,114.2,190.4,-56.969444444444434,False
8,2012,114.2,186.0,-61.36944444444444,False
8,2012,114.2,198.1,-49.269444444444446,False
8,2012,114.2,433.2,185.83055555555555,False
8,2012,114.2,181.2,-66.16944444444445,False
8,2012,114.2,135.1,-112.26944444444445,False
8,2012,114.2,299.7,52.33055555555555,False
8,2012,114.2,283.4,36.03055555555554,False
8,2012,114.2,165.8,-81.56944444444443,False
8,2012,114.2,364.8,117.43055555555557,False
8,2012,114.2,347.9,100.53055555555554,False
8,2012,114.2,374.2,126.83055555555555,False
8,2012,114.2,228.9,-18.469444444444434,False
8,2012,114.2,34.1,-213.26944444444445,False
8,2012,114.2,727.6,480.2305555555556,True
8,2012,114.2,185.2,-62.16944444444445,False
8,2012,114.2,101.7,-145.66944444444442,False
8,2012,114.2,315.1,67.73055555555558,False
8,2012,114.2,404.5,157.13055555555556,False
8,2012,114.2,186.6,-60.769444444444446,False
8,2012,114.2,206.3,-41.06944444444443,False
8,2012,114.2,119.0,-128.36944444444444,False
8,2012,114.2,90.1,-157.26944444444445,False
8,2012,114.2,1030.0,782.6305555555556,True
8,2012,114.2,105.9,-141.46944444444443,False
8,2012,114.2,236.1,-11.269444444444446,False
8,2012,114.2,501.5,254.13055555555556,True
8,2012,114.2,381.2,133.83055555555555,False
9,2012,116.1,868.9,621.5305555555556,True
9,2012,116.1,623.3,375.93055555555554,True
9,2012,116.1,372.0,124.63055555555556,False
9,2012,116.1,256.2,8.830555555555549,False
9,2012,116.1,431.4,184.03055555555554,False
9,2012,116.1,244.5,-2.86944444444444,False
9,2012,116.1,243.7,-3.6694444444444514,False
9,2012,116.1,217.0,-30.36944444444444,False
9,2012,116.1,206.9,-40.469444444444434,False
9,2012,116.1,205.9,-41.469444444444434,False
9,2012,116.1,88.0,-159.36944444444444,False
9,2012,116.1,225.2,-22.16944444444445,False
9,2012,116.1,66.1,-181.26944444444445,False
9,2012,116.1,86.9,-160.46944444444443,False
9,2012,116.1,145.4,-101.96944444444443,False
9,2012,116.1,150.8,-96.56944444444443,False
9,2012,116.1,90.8,-156.56944444444446,False
9,2012,116.1,130.8,-116.56944444444443,False
9,2012,116.1,189.8,-57.56944444444443,False
9,2012,116.1,177.7,-69.66944444444445,False
9,2012,116.1,272.2,24.83055555555555,False
9,2012,116.1,226.7,-20.66944444444445,False
9,2012,116.1,508.2,260.8305555555555,True
9,2012,116.1,128.7,-118.66944444444445,False
9,2012,116.1,120.5,-126.86944444444444,False
9,2012,116.1,247.9,0.5305555555555657,False
9,2012,116.1,264.8,17.43055555555557,False
9,2012,116.1,200.4,-46.969444444444434,False
9,2012,116.1,180.0,-67.36944444444444,False
9,2012,116.1,71.1,-176.26944444444445,False
9,2012,116.1,79.8,-167.56944444444446,False
9,2012,116.1,382.2,134.83055555555555,False
9,2012,116.1,79.6,-167.76944444444445,False
9,2012,116.1,98.1,-149.26944444444445,False
9,2012,116.1,241.4,-5.969444444444434,False
9,2012,116.1,179.8,-67.56944444444443,False
6,2013,119.3,777.0,529.6305555555556,True
6,2013,119.3,289.6,42.23055555555558,False
6,2013,119.3,331.2,83.83055555555555,False
6,2013,119.3,275.9,28.530555555555537,False
6,2013,119.3,394.1,146.73055555555558,False
6,2013,119.3,237.1,-10.269444444444446,False
6,2013,119.3,288.6,41.23055555555558,False
6,2013,119.3,169.9,-77.46944444444443,False
6,2013,119.3,179.2,-68.16944444444445,False
6,2013,119.3,293.3,45.93055555555557,False
6,2013,119.3,198.5,-48.86944444444444,False
6,2013,119.3,474.3,226.93055555555557,False
6,2013,119.3,64.4,-182.96944444444443,False
6,2013,119.3,133.6,-113.76944444444445,False
6,2013,119.3,200.7,-46.66944444444445,False
6,2013,119.3,115.4,-131.96944444444443,False
6,2013,119.3,41.4,-205.96944444444443,False
6,2013,119.3,97.7,-149.66944444444442,False
6,2013,119.3,256.4,9.030555555555537,False
6,2013,119.3,287.4,40.03055555555554,False
6,2013,119.3,183.5,-63.86944444444444,False
6,2013,119.3,167.3,-80.06944444444443,False
6,2013,119.3,1055.1,807.7305555555555,True
6,2013,119.3,225.6,-21.769444444444446,False
6,2013,119.3,158.0,-89.36944444444444,False
6,2013,119.3,382.8,135.43055555555557,False
6,2013,119.3,232.6,-14.769444444444446,False
6,2013,119.3,105.0,-142.36944444444444,False
6,2013,119.3,182.7,-64.66944444444445,False
6,2013,119.3,62.8,-184.56944444444446,False
6,2013,119.3,60.3,-187.06944444444446,False
6,2013,119.3,941.1,693.7305555555556,True
6,2013,119.3,94.8,-152.56944444444446,False
6,2013,119.3,187.7,-59.66944444444445,False
6,2013,119.3,1041.6,794.2305555555555,True
6,2013,119.3,426.2,178.83055555555555,False
7,2013,117.7,563.0,315.6305555555556,True
7,2013,117.7,336.1,88.73055555555558,False
7,2013,117.7,364.8,117.43055555555557,False
7,2013,117.7,310.7,63.33055555555555,False
7,2013,117.7,521.7,274.33055555555563,True
7,2013,117.7,272.5,25.13055555555556,False
7,2013,117.7,389.1,141.73055555555558,False
7,2013,117.7,213.7,-33.66944444444445,False
7,2013,117.7,158.7,-88.66944444444445,False
7,2013,117.7,239.6,-7.769444444444446,False
7,2013,117.7,230.3,-17.06944444444443,False
7,2013,117.7,395.7,148.33055555555555,False
7,2013,117.7,106.4,-140.96944444444443,False
7,2013,117.7,235.0,-12.36944444444444,False
7,2013,117.7,204.4,-42.969444444444434,False
7,2013,117.7,192.4,-54.969444444444434,False
7,2013,117.7,112.6,-134.76944444444445,False
7,2013,117.7,334.2,86.83055555555555,False
7,2013,117.7,484.1,236.73055555555558,True
7,2013,117.7,465.7,218.33055555555555,False
7,2013,117.7,491.6,244.23055555555558,True
7,2013,117.7,214.3,-33.06944444444443,False
7,2013,117.7,1497.2,1249.8305555555555,True
7,2013,117.7,341.0,93.63055555555556,False
7,2013,117.7,295.2,47.83055555555555,False
7,2013,117.7,541.9,294.53055555555557,True
7,2013,117.7,247.0,-0.36944444444444,False
7,2013,117.7,167.4,-79.96944444444443,False
7,2013,117.7,367.3,119.93055555555557,False
7,2013,117.7,82.0,-165.36944444444444,False
7,2013,117.7,53.3,-194.06944444444446,False
7,2013,117.7,1509.8,1262.4305555555554,True
7,2013,117.7,169.1,-78.26944444444445,False
7,2013,117.7,341.2,93.83055555555555,False
7,2013,117.7,828.5,581.1305555555556,True
7,2013,117.7,296.4,49.03055555555554,False
8,2013,113.5,341.7,94.33055555555555,False
8,2013,113.5,239.7,-7.669444444444451,False
8,2013,113.5,332.8,85.43055555555557,False
8,2013,113.5,400.2,152.83055555555555,False
8,2013,113.5,404.7,157.33055555555555,False
8,2013,113.5,400.5,153.13055555555556,False
8,2013,113.5,254.6,7.230555555555554,False
8,2013,113.5,270.7,23.33055555555555,False
8,2013,113.5,165.3,-82.06944444444443,False
8,2013,113.5,244.9,-2.4694444444444343,False
8,2013,113.5,278.7,31.33055555555555,False
8,2013,113.5,328.1,80.73055555555558,False
8,2013,113.5,191.3,-56.06944444444443,False
8,2013,113.5,193.7,-53.66944444444445,False
8,2013,113.5,244.1,-3.2694444444444457,False
8,2013,113.5,343.0,95.63055555555556,False
8,2013,113.5,139.5,-107.86944444444444,False
8,2013,113.5,282.5,35.13055555555556,False
8,2013,113.5,426.5,179.13055555555556,False
8,2013,113.5,482.5,235.13055555555556,True
8,2013,113.5,246.9,-0.46944444444443434,False
8,2013,113.5,97.2,-150.16944444444442,False
8,2013,113.5,497.7,250.33055555555555,True
8,2013,113.5,159.7,-87.66944444444445,False
8,2013,113.5,137.3,-110.06944444444443,False
8,2013,113.5,326.6,79.23055555555558,False
8,2013,113.5,306.2,58.83055555555555,False
8,2013,113.5,132.8,-114.56944444444443,False
8,2013,113.5,212.2,-35.16944444444445,False
8,2013,113.5,88.9,-158.46944444444443,False
8,2013,113.5,119.1,-128.26944444444445,False
8,2013,113.5,652.3,404.93055555555554,True
8,2013,113.5,79.1,-168.26944444444445,False
8,2013,113.5,157.7,-89.66944444444445,False
8,2013,113.5,366.1,118.73055555555558,False
8,2013,113.5,150.8,-96.56944444444443,False
9,2013,113.7,472.6,225.23055555555558,False
9,2013,113.7,278.3,30.93055555555557,False
9,2013,113.7,250.5,3.13055555555556,False
9,2013,113.7,278.2,30.83055555555555,False
9,2013,113.7,306.1,58.73055555555558,False
9,2013,113.7,243.0,-4.36944444444444,False
9,2013,113.7,210.8,-36.56944444444443,False
9,2013,113.7,152.9,-94.46944444444443,False
9,2013,113.7,120.2,-127.16944444444444,False
9,2013,113.7,83.4,-163.96944444444443,False
9,2013,113.7,51.1,-196.26944444444445,False
9,2013,113.7,114.7,-132.66944444444442,False
9,2013,113.7,34.8,-212.56944444444446,False
9,2013,113.7,29.2,-218.16944444444445,False
9,2013,113.7,70.9,-176.46944444444443,False
9,2013,113.7,61.8,-185.56944444444446,False
9,2013,113.7,60.3,-187.06944444444446,False
9,2013,113.7,90.8,-156.56944444444446,False
9,2013,113.7,99.8,-147.56944444444446,False
9,2013,113.7,74.9,-172.46944444444443,False
9,2013,113.7,340.7,93.33055555555555,False
9,2013,113.7,314.6,67.23055555555558,False
9,2013,113.7,350.2,102.83055555555555,False
9,2013,113.7,208.3,-39.06944444444443,False
9,2013,113.7,153.4,-93.96944444444443,False
9,2013,113.7,136.1,-111.26944444444445,False
9,2013,113.7,148.1,-99.26944444444445,False
9,2013,113.7,137.1,-110.26944444444445,False
9,2013,113.7,174.6,-72.76944444444445,False
9,2013,113.7,190.6,-56.769444444444446,False
9,2013,113.7,118.8,-128.56944444444446,False
9,2013,113.7,326.4,79.03055555555554,False
9,2013,113.7,190.7,-56.66944444444445,False
9,2013,113.7,186.5,-60.86944444444444,False
9,2013,113.7,317.7,70.33055555555555,False
9,2013,113.7,180.4,-66.96944444444443,False
6,2014,134.1,416.5,169.13055555555556,False
6,2014,134.1,406.0,158.63055555555556,False
6,2014,134.1,400.4,153.03055555555554,False
6,2014,134.1,268.2,20.83055555555555,False
6,2014,134.1,533.1,285.7305555555556,True
6,2014,134.1,174.4,-72.96944444444443,False
6,2014,134.1,101.8,-145.56944444444446,False
6,2014,134.1,118.2,-129.16944444444442,False
6,2014,134.1,105.7,-141.66944444444442,False
6,2014,134.1,50.2,-197.16944444444442,False
6,2014,134.1,20.2,-227.16944444444445,False
6,2014,134.1,61.9,-185.46944444444443,False
6,2014,134.1,27.9,-219.46944444444443,False
6,2014,134.1,24.2,-223.16944444444445,False
6,2014,134.1,46.7,-200.66944444444442,False
6,2014,134.1,36.1,-211.26944444444445,False
6,2014,134.1,14.5,-232.86944444444444,False
6,2014,134.1,24.8,-222.56944444444443,False
6,2014,134.1,31.2,-216.16944444444445,False
6,2014,134.1,80.1,-167.26944444444445,False
6,2014,134.1,12.8,-234.56944444444443,False
6,2014,134.1,24.4,-222.96944444444443,False
6,2014,134.1,221.2,-26.16944444444445,False
6,2014,134.1,43.3,-204.06944444444446,False
6,2014,134.1,30.9,-216.46944444444443,False
6,2014,134.1,45.7,-201.66944444444442,False
6,2014,134.1,109.8,-137.56944444444446,False
6,2014,134.1,22.4,-224.96944444444443,False
6,2014,134.1,61.5,-185.86944444444444,False
6,2014,134.1,80.9,-166.46944444444443,False
6,2014,134.1,47.3,-200.06944444444446,False
6,2014,134.1,447.3,199.93055555555557,False
6,2014,134.1,49.0,-198.36944444444444,False
6,2014,134.1,103.6,-143.76944444444445,False
6,2014,134.1,453.0,205.63055555555556,False
6,2014,134.1,244.1,-3.2694444444444457,False
7,2014,128.6,473.4,226.03055555555554,False
7,2014,128.6,348.0,100.63055555555556,False
7,2014,128.6,373.3,125.93055555555557,False
7,2014,128.6,265.7,18.33055555555555,False
7,2014,128.6,471.4,224.03055555555554,False
7,2014,128.6,304.6,57.23055555555558,False
7,2014,128.6,498.2,250.83055555555555,True
7,2014,128.6,301.4,54.03055555555554,False
7,2014,128.6,253.8,6.430555555555571,False
7,2014,128.6,298.9,51.53055555555554,False
7,2014,128.6,147.1,-100.26944444444445,False
7,2014,128.6,448.6,201.23055555555558,False
7,2014,128.6,81.2,-166.16944444444442,False
7,2014,128.6,82.0,-165.36944444444444,False
7,2014,128.6,195.0,-52.36944444444444,False
7,2014,128.6,116.2,-131.16944444444442,False
7,2014,128.6,95.3,-152.06944444444446,False
7,2014,128.6,197.6,-49.769444444444446,False
7,2014,128.6,331.4,84.03055555555554,False
7,2014,128.6,287.0,39.63055555555556,False
7,2014,128.6,359.6,112.23055555555558,False
7,2014,128.6,176.7,-70.66944444444445,False
7,2014,128.6,1302.9,1055.5305555555556,True
7,2014,128.6,302.5,55.13055555555556,False
7,2014,128.6,103.9,-143.46944444444443,False
7,2014,128.6,317.6,70.23055555555558,False
7,2014,128.6,435.2,187.83055555555555,False
7,2014,128.6,162.1,-85.26944444444445,False
7,2014,128.6,152.8,-94.56944444444443,False
7,2014,128.6,65.1,-182.26944444444445,False
7,2014,128.6,51.0,-196.36944444444444,False
7,2014,128.6,1160.0,912.6305555555556,True
7,2014,128.6,151.0,-96.36944444444444,False
7,2014,128.6,265.0,17.63055555555556,False
7,2014,128.6,668.4,421.03055555555557,True
7,2014,128.6,115.4,-131.96944444444443,False
8,2014,123.7,321.5,74.13055555555556,False
8,2014,123.7,552.0,304.6305555555556,True
8,2014,123.7,479.1,231.73055555555558,True
8,2014,123.7,306.7,59.33055555555555,False
8,2014,123.7,567.2,319.83055555555563,True
8,2014,123.7,286.6,39.23055555555558,False
8,2014,123.7,390.4,143.03055555555554,False
8,2014,123.7,259.6,12.230555555555583,False
8,2014,123.7,301.2,53.83055555555555,False
8,2014,123.7,144.5,-102.86944444444444,False
8,2014,123.7,79.3,-168.06944444444446,False
8,2014,123.7,274.7,27.33055555555555,False
8,2014,123.7,31.7,-215.66944444444445,False
8,2014,123.7,48.5,-198.86944444444444,False
8,2014,123.7,152.5,-94.86944444444444,False
8,2014,123.7,144.9,-102.46944444444443,False
8,2014,123.7,71.8,-175.56944444444446,False
8,2014,123.7,256.4,9.030555555555537,False
8,2014,123.7,207.4,-39.969444444444434,False
8,2014,123.7,228.5,-18.86944444444444,False
8,2014,123.7,150.2,-97.16944444444445,False
8,2014,123.7,154.3,-93.06944444444443,False
8,2014,123.7,695.8,448.43055555555554,True
8,2014,123.7,245.2,-2.1694444444444514,False
8,2014,123.7,178.2,-69.16944444444445,False
8,2014,123.7,167.2,-80.16944444444445,False
8,2014,123.7,318.8,71.43055555555557,False
8,2014,123.7,149.3,-98.06944444444443,False
8,2014,123.7,190.4,-56.969444444444434,False
8,2014,123.7,105.4,-141.96944444444443,False
8,2014,123.7,115.1,-132.26944444444445,False
8,2014,123.7,977.8,730.4305555555555,True
8,2014,123.7,213.5,-33.86944444444444,False
8,2014,123.7,250.9,3.5305555555555657,False
8,2014,123.7,730.7,483.33055555555563,True
8,2014,123.7,466.1,218.73055555555558,False
9,2014,124.3,413.0,165.63055555555556,False
9,2014,124.3,326.3,78.93055555555557,False
9,2014,124.3,424.5,177.13055555555556,False
9,2014,124.3,296.2,48.83055555555555,False
9,2014,124.3,395.9,148.53055555555554,False
9,2014,124.3,220.4,-26.969444444444434,False
9,2014,124.3,285.6,38.23055555555558,False
9,2014,124.3,167.9,-79.46944444444443,False
9,2014,124.3,161.4,-85.96944444444443,False
9,2014,124.3,111.7,-135.66944444444442,False
9,2014,124.3,83.2,-164.16944444444442,False
9,2014,124.3,105.5,-141.86944444444444,False
9,2014,124.3,70.3,-177.06944444444446,False
9,2014,124.3,129.7,-117.66944444444445,False
9,2014,124.3,89.9,-157.46944444444443,False
9,2014,124.3,375.2,127.83055555555555,False
9,2014,124.3,86.6,-160.76944444444445,False
9,2014,124.3,137.4,-109.96944444444443,False
9,2014,124.3,188.5,-58.86944444444444,False
9,2014,124.3,140.3,-107.06944444444443,False
9,2014,124.3,283.3,35.93055555555557,False
9,2014,124.3,124.1,-123.26944444444445,False
9,2014,124.3,409.4,162.03055555555554,False
9,2014,124.3,122.0,-125.36944444444444,False
9,2014,124.3,86.9,-160.46944444444443,False
9,2014,124.3,213.7,-33.66944444444445,False
9,2014,124.3,263.2,15.830555555555549,False
9,2014,124.3,138.6,-108.76944444444445,False
9,2014,124.3,128.9,-118.46944444444443,False
9,2014,124.3,67.3,-180.06944444444446,False
9,2014,124.3,96.5,-150.86944444444444,False
9,2014,124.3,343.3,95.93055555555557,False
9,2014,124.3,93.0,-154.36944444444444,False
9,2014,124.3,154.5,-92.86944444444444,False
9,2014,124.3,298.0,50.63055555555556,False
9,2014,124.3,130.6,-116.76944444444445,False
6,2015,159.7,346.4,99.03055555555554,False
6,2015,159.7,570.9,323.53055555555557,True
6,2015,159.7,572.6,325.2305555555556,True
6,2015,159.7,293.2,45.83055555555555,False
6,2015,159.7,590.0,342.6305555555556,True
6,2015,159.7,220.3,-27.06944444444443,False
6,2015,159.7,242.8,-4.569444444444429,False
6,2015,159.7,154.8,-92.56944444444443,False
6,2015,159.7,118.2,-129.16944444444442,False
6,2015,159.7,95.0,-152.36944444444444,False
6,2015,159.7,72.3,-175.06944444444446,False
6,2015,159.7,162.5,-84.86944444444444,False
6,2015,159.7,58.8,-188.56944444444446,False
6,2015,159.7,77.2,-170.16944444444442,False
6,2015,159.7,105.6,-141.76944444444445,False
6,2015,159.7,129.6,-117.76944444444445,False
6,2015,159.7,53.2,-194.16944444444442,False
6,2015,159.7,94.8,-152.56944444444446,False
6,2015,159.7,146.5,-100.86944444444444,False
6,2015,159.7,124.8,-122.56944444444444,False
6,2015,159.7,132.4,-114.96944444444443,False
6,2015,159.7,146.0,-101.36944444444444,False
6,2015,159.7,782.8,535.4305555555555,True
6,2015,159.7,167.2,-80.16944444444445,False
6,2015,159.7,120.6,-126.76944444444445,False
6,2015,159.7,226.5,-20.86944444444444,False
6,2015,159.7,285.9,38.53055555555554,False
6,2015,159.7,229.4,-17.969444444444434,False
6,2015,159.7,211.6,-35.769444444444446,False
6,2015,159.7,66.2,-181.16944444444442,False
6,2015,159.7,67.3,-180.06944444444446,False
6,2015,159.7,671.0,423.6305555555556,True
6,2015,159.7,94.5,-152.86944444444444,False
6,2015,159.7,181.6,-65.76944444444445,False
6,2015,159.7,562.3,314.93055555555554,True
6,2015,159.7,296.7,49.33055555555555,False
7,2015,161.9,328.9,81.53055555555554,False
7,2015,161.9,300.2,52.83055555555555,False
7,2015,161.9,303.8,56.43055555555557,False
7,2015,161.9,391.0,143.63055555555556,False
7,2015,161.9,389.2,141.83055555555555,False
7,2015,161.9,609.8,362.43055555555554,True
7,2015,161.9,302.0,54.63055555555556,False
7,2015,161.9,417.6,170.23055555555558,False
7,2015,161.9,213.3,-34.06944444444443,False
7,2015,161.9,180.5,-66.86944444444444,False
7,2015,161.9,199.7,-47.66944444444445,False
7,2015,161.9,342.0,94.63055555555556,False
7,2015,161.9,148.5,-98.86944444444444,False
7,2015,161.9,241.1,-6.269444444444446,False
7,2015,161.9,244.6,-2.7694444444444457,False
7,2015,161.9,240.6,-6.769444444444446,False
7,2015,161.9,234.6,-12.769444444444446,False
7,2015,161.9,291.7,44.33055555555555,False
7,2015,161.9,401.2,153.83055555555555,False
7,2015,161.9,250.6,3.2305555555555543,False
7,2015,161.9,361.6,114.23055555555558,False
7,2015,161.9,265.3,17.93055555555557,False
7,2015,161.9,543.0,295.6305555555556,True
7,2015,161.9,100.9,-146.46944444444443,False
7,2015,161.9,28.2,-219.16944444444445,False
7,2015,161.9,123.4,-123.96944444444443,False
7,2015,161.9,261.0,13.63055555555556,False
7,2015,161.9,97.9,-149.46944444444443,False
7,2015,161.9,85.3,-162.06944444444446,False
7,2015,161.9,38.5,-208.86944444444444,False
7,2015,161.9,46.8,-200.56944444444446,False
7,2015,161.9,734.4,487.03055555555557,True
7,2015,161.9,40.9,-206.46944444444443,False
7,2015,161.9,111.7,-135.66944444444442,False
7,2015,161.9,408.6,161.23055555555558,False
7,2015,161.9,257.4,10.030555555555537,False
8,2015,160.1,478.0,230.63055555555556,True
8,2015,160.1,537.7,290.33055555555563,True
8,2015,160.1,593.8,346.43055555555554,True
8,2015,160.1,312.0,64.63055555555556,False
8,2015,160.1,660.6,413.2305555555556,True
8,2015,160.1,262.9,15.530555555555537,False
8,2015,160.1,264.0,16.63055555555556,False
8,2015,160.1,226.3,-21.06944444444443,False
8,2015,160.1,278.3,30.93055555555557,False
8,2015,160.1,173.8,-73.56944444444443,False
8,2015,160.1,139.1,-108.26944444444445,False
8,2015,160.1,271.8,24.43055555555557,False
8,2015,160.1,102.0,-145.36944444444444,False
8,2015,160.1,101.6,-145.76944444444445,False
8,2015,160.1,195.8,-51.56944444444443,False
8,2015,160.1,127.5,-119.86944444444444,False
8,2015,160.1,60.5,-186.86944444444444,False
8,2015,160.1,141.5,-105.86944444444444,False
8,2015,160.1,263.9,16.530555555555537,False
8,2015,160.1,264.1,16.730555555555583,False
8,2015,160.1,35.2,-212.16944444444442,False
8,2015,160.1,12.8,-234.56944444444443,False
8,2015,160.1,367.3,119.93055555555557,False
8,2015,160.1,66.9,-180.46944444444443,False
8,2015,160.1,111.6,-135.76944444444445,False
8,2015,160.1,273.0,25.63055555555556,False
8,2015,160.1,286.7,39.33055555555555,False
8,2015,160.1,184.2,-63.16944444444445,False
8,2015,160.1,158.4,-88.96944444444443,False
8,2015,160.1,113.9,-133.46944444444443,False
8,2015,160.1,81.1,-166.26944444444445,False
8,2015,160.1,485.7,238.33055555555555,True
8,2015,160.1,78.8,-168.56944444444446,False
8,2015,160.1,131.8,-115.56944444444443,False
8,2015,160.1,251.6,4.230555555555554,False
8,2015,160.1,146.7,-100.66944444444445,False
9,2015,167.2,514.6,267.2305555555556,True
9,2015,167.2,342.1,94.73055555555558,False
9,2015,167.2,280.4,33.03055555555554,False
9,2015,167.2,316.1,68.73055555555558,False
9,2015,167.2,336.2,88.83055555555555,False
9,2015,167.2,156.6,-90.76944444444445,False
9,2015,167.2,232.0,-15.36944444444444,False
9,2015,167.2,79.7,-167.66944444444442,False
9,2015,167.2,97.4,-149.96944444444443,False
9,2015,167.2,21.3,-226.06944444444443,False
9,2015,167.2,26.4,-220.96944444444443,False
9,2015,167.2,51.5,-195.86944444444444,False
9,2015,167.2,34.1,-213.26944444444445,False
9,2015,167.2,103.4,-143.96944444444443,False
9,2015,167.2,64.7,-182.66944444444442,False
9,2015,167.2,134.1,-113.26944444444445,False
9,2015,167.2,35.7,-211.66944444444442,False
9,2015,167.2,19.6,-227.76944444444445,False
9,2015,167.2,52.6,-194.76944444444445,False
9,2015,167.2,67.0,-180.36944444444444,False
9,2015,167.2,96.9,-150.46944444444443,False
9,2015,167.2,99.0,-148.36944444444444,False
9,2015,167.2,242.4,-4.969444444444434,False
9,2015,167.2,135.5,-111.86944444444444,False
9,2015,167.2,154.3,-93.06944444444443,False
9,2015,167.2,150.5,-96.86944444444444,False
9,2015,167.2,217.0,-30.36944444444444,False
9,2015,167.2,169.7,-77.66944444444445,False
9,2015,167.2,158.0,-89.36944444444444,False
9,2015,167.2,146.7,-100.66944444444445,False
9,2015,167.2,98.1,-149.26944444444445,False
9,2015,167.2,227.9,-19.469444444444434,False
9,2015,167.2,140.2,-107.16944444444445,False
9,2015,167.2,147.4,-99.96944444444443,False
9,2015,167.2,294.4,47.03055555555554,False
9,2015,167.2,157.5,-89.86944444444444,False
6,2016,251.0,429.4,182.03055555555554,False
6,2016,251.0,372.8,125.43055555555557,False
6,2016,251.0,365.3,117.93055555555557,False
6,2016,251.0,312.1,64.73055555555558,False
6,2016,251.0,522.7,275.33055555555563,True
6,2016,251.0,172.7,-74.66944444444445,False
6,2016,251.0,164.2,-83.16944444444445,False
6,2016,251.0,122.9,-124.46944444444443,False
6,2016,251.0,127.9,-119.46944444444443,False
6,2016,251.0,77.2,-170.16944444444442,False
6,2016,251.0,64.9,-182.46944444444443,False
6,2016,251.0,174.4,-72.96944444444443,False
6,2016,251.0,36.6,-210.76944444444445,False
6,2016,251.0,54.7,-192.66944444444442,False
6,2016,251.0,84.7,-162.66944444444442,False
6,2016,251.0,62.8,-184.56944444444446,False
6,2016,251.0,33.2,-214.16944444444442,False
6,2016,251.0,61.6,-185.76944444444445,False
6,2016,251.0,111.1,-136.26944444444445,False
6,2016,251.0,99.2,-148.16944444444442,False
6,2016,251.0,31.7,-215.66944444444445,False
6,2016,251.0,31.2,-216.16944444444445,False
6,2016,251.0,798.5,551.1305555555556,True
6,2016,251.0,100.7,-146.66944444444442,False
6,2016,251.0,167.8,-79.56944444444443,False
6,2016,251.0,165.5,-81.86944444444444,False
6,2016,251.0,170.7,-76.66944444444445,False
6,2016,251.0,192.5,-54.86944444444444,False
6,2016,251.0,190.1,-57.269444444444446,False
6,2016,251.0,128.7,-118.66944444444445,False
6,2016,251.0,59.8,-187.56944444444446,False
6,2016,251.0,963.1,715.7305555555556,True
6,2016,251.0,136.8,-110.56944444444443,False
6,2016,251.0,172.2,-75.16944444444445,False
6,2016,251.0,595.7,348.33055555555563,True
6,2016,251.0,321.1,73.73055555555558,False
7,2016,242.9,301.2,53.83055555555555,False
7,2016,242.9,614.2,366.83055555555563,True
7,2016,242.9,496.5,249.13055555555556,True
7,2016,242.9,331.8,84.43055555555557,False
7,2016,242.9,681.8,434.43055555555554,True
7,2016,242.9,334.7,87.33055555555555,False
7,2016,242.9,280.3,32.93055555555557,False
7,2016,242.9,301.0,53.63055555555556,False
7,2016,242.9,352.5,105.13055555555556,False
7,2016,242.9,343.2,95.83055555555555,False
7,2016,242.9,348.2,100.83055555555555,False
7,2016,242.9,508.4,261.03055555555557,True
7,2016,242.9,159.5,-87.86944444444444,False
7,2016,242.9,157.1,-90.26944444444445,False
7,2016,242.9,194.7,-52.66944444444445,False
7,2016,242.9,192.4,-54.969444444444434,False
7,2016,242.9,80.0,-167.36944444444444,False
7,2016,242.9,324.3,76.93055555555557,False
7,2016,242.9,432.9,185.53055555555554,False
7,2016,242.9,554.0,306.6305555555556,True
7,2016,242.9,255.4,8.030555555555566,False
7,2016,242.9,110.0,-137.36944444444444,False
7,2016,242.9,1324.0,1076.6305555555555,True
7,2016,242.9,319.6,72.23055555555558,False
7,2016,242.9,283.5,36.13055555555556,False
7,2016,242.9,490.3,242.93055555555557,True
7,2016,242.9,363.1,115.73055555555558,False
7,2016,242.9,133.0,-114.36944444444444,False
7,2016,242.9,224.3,-23.06944444444443,False
7,2016,242.9,131.0,-116.36944444444444,False
7,2016,242.9,85.6,-161.76944444444445,False
7,2016,242.9,763.1,515.7305555555556,True
7,2016,242.9,162.6,-84.76944444444445,False
7,2016,242.9,196.5,-50.86944444444444,False
7,2016,242.9,441.5,194.13055555555556,False
7,2016,242.9,262.6,15.230555555555583,False
8,2016,196.8,227.7,-19.66944444444445,False
8,2016,196.8,146.1,-101.26944444444445,False
8,2016,196.8,187.2,-60.16944444444445,False
8,2016,196.8,328.2,80.83055555555555,False
8,2016,196.8,208.6,-38.769444444444446,False
8,2016,196.8,416.7,169.33055555555555,False
8,2016,196.8,320.8,73.43055555555557,False
8,2016,196.8,395.6,148.23055555555558,False
8,2016,196.8,144.0,-103.36944444444444,False
8,2016,196.8,242.9,-4.469444444444434,False
8,2016,196.8,193.4,-53.969444444444434,False
8,2016,196.8,308.5,61.13055555555556,False
8,2016,196.8,132.5,-114.86944444444444,False
8,2016,196.8,147.0,-100.36944444444444,False
8,2016,196.8,236.8,-10.569444444444429,False
8,2016,196.8,181.0,-66.36944444444444,False
8,2016,196.8,191.9,-55.469444444444434,False
8,2016,196.8,378.6,131.23055555555558,False
8,2016,196.8,394.8,147.43055555555557,False
8,2016,196.8,463.6,216.23055555555558,False
8,2016,196.8,303.5,56.13055555555556,False
8,2016,196.8,216.0,-31.36944444444444,False
8,2016,196.8,820.0,572.6305555555556,True
8,2016,196.8,232.7,-14.669444444444451,False
8,2016,196.8,88.6,-158.76944444444445,False
8,2016,196.8,161.8,-85.56944444444443,False
8,2016,196.8,347.7,100.33055555555555,False
8,2016,196.8,125.2,-122.16944444444444,False
8,2016,196.8,140.8,-106.56944444444443,False
8,2016,196.8,41.5,-205.86944444444444,False
8,2016,196.8,54.6,-192.76944444444445,False
8,2016,196.8,471.3,223.93055555555557,False
8,2016,196.8,70.0,-177.36944444444444,False
8,2016,196.8,85.9,-161.46944444444443,False
8,2016,196.8,231.0,-16.36944444444444,False
8,2016,196.8,86.2,-161.16944444444442,False
9,2016,194.0,604.3,356.93055555555554,True
9,2016,194.0,534.8,287.43055555555554,True
9,2016,194.0,272.6,25.230555555555583,False
9,2016,194.0,315.2,67.83055555555555,False
9,2016,194.0,474.7,227.33055555555555,False
9,2016,194.0,233.7,-13.669444444444451,False
9,2016,194.0,266.2,18.83055555555555,False
9,2016,194.0,287.5,40.13055555555556,False
9,2016,194.0,348.7,101.33055555555555,False
9,2016,194.0,152.9,-94.46944444444443,False
9,2016,194.0,46.6,-200.76944444444445,False
9,2016,194.0,111.4,-135.96944444444443,False
9,2016,194.0,15.4,-231.96944444444443,False
9,2016,194.0,17.0,-230.36944444444444,False
9,2016,194.0,52.5,-194.86944444444444,False
9,2016,194.0,44.9,-202.46944444444443,False
9,2016,194.0,11.0,-236.36944444444444,False
9,2016,194.0,37.9,-209.46944444444443,False
9,2016,194.0,100.8,-146.56944444444446,False
9,2016,194.0,140.7,-106.66944444444445,False
9,2016,194.0,105.0,-142.36944444444444,False
9,2016,194.0,59.6,-187.76944444444445,False
9,2016,194.0,598.9,351.53055555555557,True
9,2016,194.0,171.9,-75.46944444444443,False
9,2016,194.0,329.7,82.33055555555555,False
9,2016,194.0,227.8,-19.56944444444443,False
9,2016,194.0,306.8,59.43055555555557,False
9,2016,194.0,226.6,-20.769444444444446,False
9,2016,194.0,352.5,105.13055555555556,False
9,2016,194.0,90.8,-156.56944444444446,False
9,2016,194.0,46.1,-201.26944444444445,False
9,2016,194.0,225.9,-21.469444444444434,False
9,2016,194.0,155.0,-92.36944444444444,False
9,2016,194.0,62.8,-184.56944444444446,False
9,2016,194.0,84.1,-163.26944444444445,False
9,2016,194.0,75.6,-171.76944444444445,False
6,2017,163.3,349.1,101.73055555555558,False
6,2017,163.3,366.0,118.63055555555556,False
6,2017,163.3,490.8,243.43055555555557,True
6,2017,163.3,486.1,238.73055555555558,True
6,2017,163.3,376.0,128.63055555555556,False
6,2017,163.3,193.7,-53.66944444444445,False
6,2017,163.3,209.5,-37.86944444444444,False
6,2017,163.3,116.0,-131.36944444444444,False
6,2017,163.3,87.9,-159.46944444444443,False
6,2017,163.3,52.0,-195.36944444444444,False
6,2017,163.3,88.0,-159.36944444444444,False
6,2017,163.3,175.6,-71.76944444444445,False
6,2017,163.3,121.9,-125.46944444444443,False
6,2017,163.3,115.6,-131.76944444444445,False
6,2017,163.3,126.5,-120.86944444444444,False
6,2017,163.3,158.3,-89.06944444444443,False
6,2017,163.3,81.9,-165.46944444444443,False
6,2017,163.3,89.8,-157.56944444444446,False
6,2017,163.3,120.0,-127.36944444444444,False
6,2017,163.3,118.7,-128.66944444444442,False
6,2017,163.3,137.2,-110.16944444444445,False
6,2017,163.3,81.8,-165.56944444444446,False
6,2017,163.3,838.0,590.6305555555556,True
6,2017,163.3,189.2,-58.16944444444445,False
6,2017,163.3,190.7,-56.66944444444445,False
6,2017,163.3,147.8,-99.56944444444443,False
6,2017,163.3,192.7,-54.66944444444445,False
6,2017,163.3,150.8,-96.56944444444443,False
6,2017,163.3,197.2,-50.16944444444445,False
6,2017,163.3,88.9,-158.46944444444443,False
6,2017,163.3,46.5,-200.86944444444444,False
6,2017,163.3,831.4,584.0305555555556,True
6,2017,163.3,131.3,-116.06944444444443,False
6,2017,163.3,107.6,-139.76944444444445,False
6,2017,163.3,579.8,332.43055555555554,True
6,2017,163.3,521.9,274.53055555555557,True
7,2017,158.1,389.4,142.03055555555554,False
7,2017,158.1,442.2,194.83055555555555,False
7,2017,158.1,428.4,181.03055555555554,False
7,2017,158.1,427.8,180.43055555555557,False
7,2017,158.1,469.4,222.03055555555554,False
7,2017,158.1,489.3,241.93055555555557,True
7,2017,158.1,349.7,102.33055555555555,False
7,2017,158.1,492.1,244.73055555555558,True
7,2017,158.1,366.4,119.03055555555554,False
7,2017,158.1,337.4,90.03055555555554,False
7,2017,158.1,186.4,-60.969444444444434,False
7,2017,158.1,460.9,213.53055555555554,False
7,2017,158.1,69.2,-178.16944444444442,False
7,2017,158.1,95.9,-151.46944444444443,False
7,2017,158.1,217.7,-29.66944444444445,False
7,2017,158.1,180.0,-67.36944444444444,False
7,2017,158.1,219.7,-27.66944444444445,False
7,2017,158.1,285.0,37.63055555555556,False
7,2017,158.1,292.8,45.43055555555557,False
7,2017,158.1,355.0,107.63055555555556,False
7,2017,158.1,612.7,365.33055555555563,True
7,2017,158.1,368.6,121.23055555555558,False
7,2017,158.1,1098.0,850.6305555555556,True
7,2017,158.1,280.9,33.53055555555554,False
7,2017,158.1,83.0,-164.36944444444444,False
7,2017,158.1,252.2,4.830555555555549,False
7,2017,158.1,379.2,131.83055555555555,False
7,2017,158.1,156.0,-91.36944444444444,False
7,2017,158.1,139.6,-107.76944444444445,False
7,2017,158.1,52.2,-195.16944444444442,False
7,2017,158.1,40.4,-206.96944444444443,False
7,2017,158.1,820.1,572.7305555555556,True
7,2017,158.1,76.8,-170.56944444444446,False
7,2017,158.1,125.9,-121.46944444444443,False
7,2017,158.1,378.5,131.13055555555556,False
7,2017,158.1,164.2,-83.16944444444445,False
8,2017,154.6,414.8,167.43055555555557,False
8,2017,154.6,456.6,209.23055555555558,False
8,2017,154.6,477.5,230.13055555555556,True
8,2017,154.6,569.5,322.1305555555556,True
8,2017,154.6,736.0,488.6305555555556,True
8,2017,154.6,264.5,17.13055555555556,False
8,2017,154.6,301.7,54.33055555555555,False
8,2017,154.6,246.0,-1.36944444444444,False
8,2017,154.6,339.1,91.73055555555558,False
8,2017,154.6,189.9,-57.469444444444434,False
8,2017,154.6,148.7,-98.66944444444445,False
8,2017,154.6,349.1,101.73055555555558,False
8,2017,154.6,77.7,-169.66944444444442,False
8,2017,154.6,124.1,-123.26944444444445,False
8,2017,154.6,214.0,-33.36944444444444,False
8,2017,154.6,161.4,-85.96944444444443,False
8,2017,154.6,43.1,-204.26944444444445,False
8,2017,154.6,133.1,-114.26944444444445,False
8,2017,154.6,173.8,-73.56944444444443,False
8,2017,154.6,179.7,-67.66944444444445,False
8,2017,154.6,179.3,-68.06944444444443,False
8,2017,154.6,153.4,-93.96944444444443,False
8,2017,154.6,730.6,483.2305555555556,True
8,2017,154.6,192.0,-55.36944444444444,False
8,2017,154.6,244.0,-3.36944444444444,False
8,2017,154.6,198.3,-49.06944444444443,False
8,2017,154.6,301.6,54.23055555555558,False
8,2017,154.6,224.3,-23.06944444444443,False
8,2017,154.6,200.0,-47.36944444444444,False
8,2017,154.6,171.7,-75.66944444444445,False
8,2017,154.6,158.7,-88.66944444444445,False
8,2017,154.6,625.3,377.93055555555554,True
8,2017,154.6,105.8,-141.56944444444446,False
8,2017,154.6,181.4,-65.96944444444443,False
8,2017,154.6,462.6,215.23055555555558,False
8,2017,154.6,206.2,-41.16944444444445,False
9,2017,159.9,372.8,125.43055555555557,False
9,2017,159.9,319.2,71.83055555555555,False
9,2017,159.9,342.4,95.03055555555554,False
9,2017,159.9,352.4,105.03055555555554,False
9,2017,159.9,368.2,120.83055555555555,False
9,2017,159.9,191.4,-55.969444444444434,False
9,2017,159.9,192.2,-55.16944444444445,False
9,2017,159.9,134.1,-113.26944444444445,False
9,2017,159.9,132.4,-114.96944444444443,False
9,2017,159.9,87.0,-160.36944444444444,False
9,2017,159.9,139.4,-107.96944444444443,False
9,2017,159.9,213.4,-33.969444444444434,False
9,2017,159.9,95.1,-152.26944444444445,False
9,2017,159.9,64.7,-182.66944444444442,False
9,2017,159.9,95.7,-151.66944444444442,False
9,2017,159.9,43.3,-204.06944444444446,False
9,2017,159.9,21.2,-226.16944444444445,False
9,2017,159.9,46.0,-201.36944444444444,False
9,2017,159.9,151.4,-95.96944444444443,False
9,2017,159.9,144.2,-103.16944444444445,False
9,2017,159.9,67.2,-180.16944444444442,False
9,2017,159.9,41.8,-205.56944444444446,False
9,2017,159.9,543.6,296.2305555555556,True
9,2017,159.9,190.1,-57.269444444444446,False
9,2017,159.9,141.3,-106.06944444444443,False
9,2017,159.9,133.3,-114.06944444444443,False
9,2017,159.9,180.6,-66.76944444444445,False
9,2017,159.9,141.5,-105.86944444444444,False
9,2017,159.9,115.5,-131.86944444444444,False
9,2017,159.9,194.5,-52.86944444444444,False
9,2017,159.9,166.6,-80.76944444444445,False
9,2017,159.9,316.5,69.13055555555556,False
9,2017,159.9,206.6,-40.769444444444446,False
9,2017,159.9,250.3,2.9305555555555713,False
9,2017,159.9,435.5,188.13055555555556,False
9,2017,159.9,216.0,-31.36944444444444,False
6,2018,166.9,518.5,271.1305555555556,True
6,2018,166.9,327.9,80.53055555555554,False
6,2018,166.9,371.6,124.23055555555558,False
6,2018,166.9,345.2,97.83055555555555,False
6,2018,166.9,376.2,128.83055555555555,False
6,2018,166.9,223.4,-23.969444444444434,False
6,2018,166.9,155.3,-92.06944444444443,False
6,2018,166.9,128.0,-119.36944444444444,False
6,2018,166.9,102.8,-144.56944444444446,False
6,2018,166.9,48.9,-198.46944444444443,False
6,2018,166.9,42.7,-204.66944444444442,False
6,2018,166.9,162.7,-84.66944444444445,False
6,2018,166.9,71.1,-176.26944444444445,False
6,2018,166.9,99.5,-147.86944444444444,False
6,2018,166.9,123.4,-123.96944444444443,False
6,2018,166.9,105.9,-141.46944444444443,False
6,2018,166.9,52.9,-194.46944444444443,False
6,2018,166.9,98.2,-149.16944444444442,False
6,2018,166.9,134.1,-113.26944444444445,False
6,2018,166.9,113.8,-133.56944444444446,False
6,2018,166.9,89.9,-157.46944444444443,False
6,2018,166.9,10.2,-237.16944444444445,False
6,2018,166.9,986.0,738.6305555555556,True
6,2018,166.9,159.1,-88.26944444444445,False
6,2018,166.9,202.2,-45.16944444444445,False
6,2018,166.9,196.8,-50.56944444444443,False
6,2018,166.9,164.3,-83.06944444444443,False
6,2018,166.9,110.1,-137.26944444444445,False
6,2018,166.9,165.4,-81.96944444444443,False
6,2018,166.9,65.1,-182.26944444444445,False
6,2018,166.9,48.8,-198.56944444444446,False
6,2018,166.9,1011.2,763.8305555555556,True
6,2018,166.9,107.8,-139.56944444444446,False
6,2018,166.9,181.2,-66.16944444444445,False
6,2018,166.9,750.1,502.7305555555556,True
6,2018,166.9,203.2,-44.16944444444445,False
7,2018,170.2,239.2,-8.169444444444451,False
7,2018,170.2,331.9,84.53055555555554,False
7,2018,170.2,375.3,127.93055555555557,False
7,2018,170.2,362.3,114.93055555555557,False
7,2018,170.2,478.0,230.63055555555556,True
7,2018,170.2,321.2,73.83055555555555,False
7,2018,170.2,434.7,187.33055555555555,False
7,2018,170.2,275.5,28.13055555555556,False
7,2018,170.2,283.1,35.73055555555558,False
7,2018,170.2,280.1,32.73055555555558,False
7,2018,170.2,317.2,69.83055555555555,False
7,2018,170.2,384.2,136.83055555555555,False
7,2018,170.2,161.3,-86.06944444444443,False
7,2018,170.2,172.3,-75.06944444444443,False
7,2018,170.2,222.0,-25.36944444444444,False
7,2018,170.2,149.9,-97.46944444444443,False
7,2018,170.2,88.9,-158.46944444444443,False
7,2018,170.2,233.0,-14.36944444444444,False
7,2018,170.2,307.1,59.73055555555558,False
7,2018,170.2,358.2,110.83055555555555,False
7,2018,170.2,376.8,129.43055555555557,False
7,2018,170.2,218.8,-28.56944444444443,False
7,2018,170.2,1226.7,979.3305555555556,True
7,2018,170.2,265.8,18.43055555555557,False
7,2018,170.2,120.8,-126.56944444444444,False
7,2018,170.2,336.7,89.33055555555555,False
7,2018,170.2,393.3,145.93055555555557,False
7,2018,170.2,183.1,-64.26944444444445,False
7,2018,170.2,193.0,-54.36944444444444,False
7,2018,170.2,32.9,-214.46944444444443,False
7,2018,170.2,59.0,-188.36944444444444,False
7,2018,170.2,1034.6,787.2305555555555,True
7,2018,170.2,89.4,-157.96944444444443,False
7,2018,170.2,197.5,-49.86944444444444,False
7,2018,170.2,858.0,610.6305555555556,True
7,2018,170.2,139.7,-107.66944444444445,False
8,2018,172.7,415.7,168.33055555555555,False
8,2018,172.7,262.1,14.730555555555583,False
8,2018,172.7,288.7,41.33055555555555,False
8,2018,172.7,334.9,87.53055555555554,False
8,2018,172.7,389.2,141.83055555555555,False
8,2018,172.7,234.1,-13.269444444444446,False
8,2018,172.7,413.8,166.43055555555557,False
8,2018,172.7,235.1,-12.269444444444446,False
8,2018,172.7,265.3,17.93055555555557,False
8,2018,172.7,313.6,66.23055555555558,False
8,2018,172.7,277.6,30.230555555555583,False
8,2018,172.7,444.3,196.93055555555557,False
8,2018,172.7,84.4,-162.96944444444443,False
8,2018,172.7,105.2,-142.16944444444442,False
8,2018,172.7,254.9,7.530555555555566,False
8,2018,172.7,220.9,-26.469444444444434,False
8,2018,172.7,40.4,-206.96944444444443,False
8,2018,172.7,151.6,-95.76944444444445,False
8,2018,172.7,233.3,-14.069444444444429,False
8,2018,172.7,294.7,47.33055555555555,False
8,2018,172.7,181.4,-65.96944444444443,False
8,2018,172.7,72.3,-175.06944444444446,False
8,2018,172.7,537.9,290.53055555555557,True
8,2018,172.7,183.4,-63.969444444444434,False
8,2018,172.7,207.9,-39.469444444444434,False
8,2018,172.7,258.0,10.63055555555556,False
8,2018,172.7,436.3,188.93055555555557,False
8,2018,172.7,210.2,-37.16944444444445,False
8,2018,172.7,282.8,35.43055555555557,False
8,2018,172.7,53.0,-194.36944444444444,False
8,2018,172.7,67.4,-179.96944444444443,False
8,2018,172.7,925.1,677.7305555555556,True
8,2018,172.7,89.5,-157.86944444444444,False
8,2018,172.7,200.2,-47.16944444444445,False
8,2018,172.7,822.5,575.1305555555556,True
8,2018,172.7,124.4,-122.96944444444443,False
9,2018,181.7,395.9,148.53055555555554,False
9,2018,181.7,287.0,39.63055555555556,False
9,2018,181.7,297.0,49.63055555555556,False
9,2018,181.7,157.9,-89.46944444444443,False
9,2018,181.7,416.2,168.83055555555555,False
9,2018,181.7,180.6,-66.76944444444445,False
9,2018,181.7,286.3,38.93055555555557,False
9,2018,181.7,146.4,-100.96944444444443,False
9,2018,181.7,109.4,-137.96944444444443,False
9,2018,181.7,123.9,-123.46944444444443,False
9,2018,181.7,165.2,-82.16944444444445,False
9,2018,181.7,205.0,-42.36944444444444,False
9,2018,181.7,131.6,-115.76944444444445,False
9,2018,181.7,212.0,-35.36944444444444,False
9,2018,181.7,243.3,-4.069444444444429,False
9,2018,181.7,111.5,-135.86944444444444,False
9,2018,181.7,19.5,-227.86944444444444,False
9,2018,181.7,140.0,-107.36944444444444,False
9,2018,181.7,163.2,-84.16944444444445,False
9,2018,181.7,149.2,-98.16944444444445,False
9,2018,181.7,46.9,-200.46944444444443,False
9,2018,181.7,14.3,-233.06944444444443,False
9,2018,181.7,118.7,-128.66944444444442,False
9,2018,181.7,52.1,-195.26944444444445,False
9,2018,181.7,31.4,-215.96944444444443,False
9,2018,181.7,84.0,-163.36944444444444,False
9,2018,181.7,140.7,-106.66944444444445,False
9,2018,181.7,94.0,-153.36944444444444,False
9,2018,181.7,81.7,-165.66944444444442,False
9,2018,181.7,102.2,-145.16944444444442,False
9,2018,181.7,104.8,-142.56944444444446,False
9,2018,181.7,89.3,-158.06944444444446,False
9,2018,181.7,69.8,-177.56944444444446,False
9,2018,181.7,106.7,-140.66944444444442,False
9,2018,181.7,85.6,-161.76944444444445,False
9,2018,181.7,74.4,-172.96944444444443,False
